data,stato,codice_regione,denominazione_regione,lat,long,ricoverati_con_sintomi,terapia_intensiva,totale_ospedalizzati,isolamento_domiciliare,totale_positivi,variazione_totale_positivi,nuovi_positivi,dimessi_guariti,deceduti,totale_casi,tamponi
2/24/20,ITA,13,Abruzzo,42.35122,13.39844,0,0,0,0,0,0,0,0,0,0,5
2/24/20,ITA,17,Basilicata,40.63947,15.80515,0,0,0,0,0,0,0,0,0,0,0
2/24/20,ITA,18,Calabria,38.90598,16.59440,0,0,0,0,0,0,0,0,0,0,1
2/24/20,ITA,15,Campania,40.83957,14.25085,0,0,0,0,0,0,0,0,0,0,10
2/24/20,ITA,8,Emilia-Romagna,44.49437,11.34172,10,2,12,6,18,0,18,0,0,18,148
2/24/20,ITA,6,Friuli Venezia Giulia,45.64944,13.76814,0,0,0,0,0,0,0,0,0,0,58
2/24/20,ITA,12,Lazio,41.89277,12.48367,1,1,2,0,2,0,2,1,0,3,124
2/24/20,ITA,7,Liguria,44.41149,8.93270,0,0,0,0,0,0,0,0,0,0,1
2/24/20,ITA,3,Lombardia,45.46679,9.19035,76,19,95,71,166,0,166,0,6,172,1463
2/24/20,ITA,11,Marche,43.61676,13.51888,0,0,0,0,0,0,0,0,0,0,16
2/24/20,ITA,14,Molise,41.55775,14.65916,0,0,0,0,0,0,0,0,0,0,0
2/24/20,ITA,1,Piemonte,45.07327,7.68069,2,0,2,1,3,0,3,0,0,3,141
2/24/20,ITA,16,Puglia,41.12560,16.86737,0,0,0,0,0,0,0,0,0,0,0
2/24/20,ITA,20,Sardegna,39.21531,9.11062,0,0,0,0,0,0,0,0,0,0,1
2/24/20,ITA,19,Sicilia,38.11570,13.36236,0,0,0,0,0,0,0,0,0,0,5
2/24/20,ITA,9,Toscana,43.76923,11.25589,0,0,0,0,0,0,0,0,0,0,140
2/24/20,ITA,10,Umbria,43.10676,12.38825,0,0,0,0,0,0,0,0,0,0,0
2/24/20,ITA,2,Valle d'Aosta,45.73750,7.32015,0,0,0,0,0,0,0,0,0,0,7
2/24/20,ITA,5,Veneto,45.43490,12.33845,12,4,16,16,32,0,32,0,1,33,2200
2/24/20,ITA,4,Trentino Alto Adige,46.28413,11.23893,0,0,0,0,0,0,0,0,0,0,4
2/25/20,ITA,13,Abruzzo,42.35122,13.39844,0,0,0,0,0,0,0,0,0,0,5
2/25/20,ITA,17,Basilicata,40.63947,15.80515,0,0,0,0,0,0,0,0,0,0,0
2/25/20,ITA,18,Calabria,38.90598,16.59440,0,0,0,0,0,0,0,0,0,0,2
2/25/20,ITA,15,Campania,40.83957,14.25085,0,0,0,0,0,0,0,0,0,0,10
2/25/20,ITA,8,Emilia-Romagna,44.49437,11.34172,15,2,17,9,26,8,8,0,0,26,391
2/25/20,ITA,6,Friuli Venezia Giulia,45.64944,13.76814,0,0,0,0,0,0,0,0,0,0,89
2/25/20,ITA,12,Lazio,41.89277,12.48367,1,1,2,0,2,0,0,1,0,3,124
2/25/20,ITA,7,Liguria,44.41149,8.93270,1,0,1,0,1,1,1,0,0,1,39
2/25/20,ITA,3,Lombardia,45.46679,9.19035,79,25,104,127,231,65,68,0,9,240,3700
2/25/20,ITA,11,Marche,43.61676,13.51888,0,0,0,0,0,0,0,0,0,0,21
2/25/20,ITA,14,Molise,41.55775,14.65916,0,0,0,0,0,0,0,0,0,0,0
2/25/20,ITA,1,Piemonte,45.07327,7.68069,2,0,2,1,3,0,0,0,0,3,141
2/25/20,ITA,16,Puglia,41.12560,16.86737,0,0,0,0,0,0,0,0,0,0,0
2/25/20,ITA,20,Sardegna,39.21531,9.11062,0,0,0,0,0,0,0,0,0,0,1
2/25/20,ITA,19,Sicilia,38.11570,13.36236,1,0,1,2,3,3,3,0,0,3,5
2/25/20,ITA,9,Toscana,43.76923,11.25589,2,0,2,0,2,2,2,0,0,2,296
2/25/20,ITA,10,Umbria,43.10676,12.38825,0,0,0,0,0,0,0,0,0,0,8
2/25/20,ITA,2,Valle d'Aosta,45.73750,7.32015,0,0,0,0,0,0,0,0,0,0,7
2/25/20,ITA,5,Veneto,45.43490,12.33845,12,7,19,23,42,10,10,0,1,43,3780
2/25/20,ITA,4,Trentino Alto Adige,46.28413,11.23893,1,0,1,0,1,1,1,0,0,1,4
2/26/20,ITA,13,Abruzzo,42.35122,13.39844,0,0,0,0,0,0,0,0,0,0,13
2/26/20,ITA,17,Basilicata,40.63947,15.80515,0,0,0,0,0,0,0,0,0,0,0
2/26/20,ITA,18,Calabria,38.90598,16.59440,0,0,0,0,0,0,0,0,0,0,3
2/26/20,ITA,15,Campania,40.83957,14.25085,0,0,0,0,0,0,0,0,0,0,10
2/26/20,ITA,8,Emilia-Romagna,44.49437,11.34172,20,3,23,23,46,20,21,0,1,47,577
2/26/20,ITA,6,Friuli Venezia Giulia,45.64944,13.76814,0,0,0,0,0,0,0,0,0,0,114
2/26/20,ITA,12,Lazio,41.89277,12.48367,0,0,0,0,0,-2,0,3,0,3,124
2/26/20,ITA,7,Liguria,44.41149,8.93270,6,0,6,5,11,10,10,0,0,11,66
2/26/20,ITA,3,Lombardia,45.46679,9.19035,79,25,104,145,249,18,18,0,9,258,3208
2/26/20,ITA,11,Marche,43.61676,13.51888,1,0,1,0,1,1,1,0,0,1,28
2/26/20,ITA,14,Molise,41.55775,14.65916,0,0,0,0,0,0,0,0,0,0,0
2/26/20,ITA,1,Piemonte,45.07327,7.68069,2,0,2,1,3,0,0,0,0,3,156
2/26/20,ITA,16,Puglia,41.12560,16.86737,0,0,0,0,0,0,0,0,0,0,0
2/26/20,ITA,20,Sardegna,39.21531,9.11062,0,0,0,0,0,0,0,0,0,0,1
2/26/20,ITA,19,Sicilia,38.11570,13.36236,1,0,1,2,3,0,0,0,0,3,5
2/26/20,ITA,9,Toscana,43.76923,11.25589,2,0,2,0,2,0,0,0,0,2,363
2/26/20,ITA,10,Umbria,43.10676,12.38825,0,0,0,0,0,0,0,0,0,0,8
2/26/20,ITA,2,Valle d'Aosta,45.73750,7.32015,0,0,0,0,0,0,0,0,0,0,7
2/26/20,ITA,5,Veneto,45.43490,12.33845,16,8,24,45,69,27,28,0,2,71,4900
2/26/20,ITA,4,Trentino Alto Adige,46.28413,11.23893,1,0,1,0,1,0,0,0,0,1,4
2/27/20,ITA,13,Abruzzo,42.35122,13.39844,1,0,1,0,1,1,1,0,0,1,33
2/27/20,ITA,17,Basilicata,40.63947,15.80515,0,0,0,0,0,0,0,0,0,0,0
2/27/20,ITA,18,Calabria,38.90598,16.59440,0,0,0,0,0,0,0,0,0,0,14
2/27/20,ITA,15,Campania,40.83957,14.25085,2,0,2,1,3,3,3,0,0,3,10
2/27/20,ITA,8,Emilia-Romagna,44.49437,11.34172,36,6,42,54,96,50,50,0,1,97,1033
2/27/20,ITA,6,Friuli Venezia Giulia,45.64944,13.76814,0,0,0,0,0,0,0,0,0,0,141
2/27/20,ITA,12,Lazio,41.89277,12.48367,0,0,0,0,0,0,0,3,0,3,552
2/27/20,ITA,7,Liguria,44.41149,8.93270,9,0,9,10,19,8,8,0,0,19,78
2/27/20,ITA,3,Lombardia,45.46679,9.19035,172,41,213,136,349,100,145,40,14,403,3320
2/27/20,ITA,11,Marche,43.61676,13.51888,2,1,3,0,3,2,2,0,0,3,46
2/27/20,ITA,14,Molise,41.55775,14.65916,0,0,0,0,0,0,0,0,0,0,0
2/27/20,ITA,1,Piemonte,45.07327,7.68069,2,0,2,0,2,-1,-1,0,0,2,156
2/27/20,ITA,16,Puglia,41.12560,16.86737,1,0,1,0,1,1,1,0,0,1,0
2/27/20,ITA,20,Sardegna,39.21531,9.11062,0,0,0,0,0,0,0,0,0,0,1
2/27/20,ITA,19,Sicilia,38.11570,13.36236,1,0,1,1,2,-1,1,2,0,4,5
2/27/20,ITA,9,Toscana,43.76923,11.25589,2,0,2,0,2,0,0,0,0,2,410
2/27/20,ITA,10,Umbria,43.10676,12.38825,0,0,0,0,0,0,0,0,0,0,8
2/27/20,ITA,2,Valle d'Aosta,45.73750,7.32015,0,0,0,0,0,0,0,0,0,0,9
2/27/20,ITA,5,Veneto,45.43490,12.33845,19,8,27,82,109,40,40,0,2,111,6164
2/27/20,ITA,4,Trentino Alto Adige,46.28413,11.23893,1,0,1,0,1,0,0,0,0,1,34
2/28/20,ITA,13,Abruzzo,42.35122,13.39844,1,0,1,0,1,0,0,0,0,1,33
2/28/20,ITA,17,Basilicata,40.63947,15.80515,0,0,0,0,0,0,0,0,0,0,0
2/28/20,ITA,18,Calabria,38.90598,16.59440,0,0,0,1,1,1,1,0,0,1,21
2/28/20,ITA,15,Campania,40.83957,14.25085,2,0,2,2,4,1,1,0,0,4,213
2/28/20,ITA,8,Emilia-Romagna,44.49437,11.34172,56,6,62,81,143,47,48,0,2,145,1277
2/28/20,ITA,6,Friuli Venezia Giulia,45.64944,13.76814,0,0,0,0,0,0,0,0,0,0,169
2/28/20,ITA,12,Lazio,41.89277,12.48367,0,0,0,0,0,0,0,3,0,3,611
2/28/20,ITA,7,Liguria,44.41149,8.93270,9,0,9,10,19,0,0,0,0,19,112
2/28/20,ITA,3,Lombardia,45.46679,9.19035,235,47,282,192,474,125,128,40,17,531,4835
2/28/20,ITA,11,Marche,43.61676,13.51888,3,2,5,1,6,3,3,0,0,6,47
2/28/20,ITA,14,Molise,41.55775,14.65916,0,0,0,0,0,0,0,0,0,0,0
2/28/20,ITA,1,Piemonte,45.07327,7.68069,7,0,7,4,11,9,9,0,0,11,227
2/28/20,ITA,16,Puglia,41.12560,16.86737,1,0,1,2,3,2,2,0,0,3,242
2/28/20,ITA,20,Sardegna,39.21531,9.11062,0,0,0,0,0,0,0,0,0,0,1
2/28/20,ITA,19,Sicilia,38.11570,13.36236,1,0,1,1,2,0,0,2,0,4,5
2/28/20,ITA,9,Toscana,43.76923,11.25589,5,0,5,2,7,5,6,1,0,8,437
2/28/20,ITA,10,Umbria,43.10676,12.38825,0,0,0,0,0,0,0,0,0,0,8
2/28/20,ITA,2,Valle d'Aosta,45.73750,7.32015,0,0,0,0,0,0,0,0,0,0,9
2/28/20,ITA,5,Veneto,45.43490,12.33845,24,9,33,116,149,40,40,0,2,151,7414
2/28/20,ITA,4,Trentino Alto Adige,46.28413,11.23893,1,0,1,0,1,0,0,0,0,1,34
2/29/20,ITA,13,Abruzzo,42.35122,13.39844,2,0,2,0,2,1,1,0,0,2,43
2/29/20,ITA,17,Basilicata,40.63947,15.80515,0,0,0,0,0,0,0,0,0,0,32
2/29/20,ITA,18,Calabria,38.90598,16.59440,0,0,0,1,1,0,0,0,0,1,27
2/29/20,ITA,15,Campania,40.83957,14.25085,3,0,3,10,13,9,9,0,0,13,373
2/29/20,ITA,8,Emilia-Romagna,44.49437,11.34172,86,11,97,116,213,70,72,0,4,217,1550
2/29/20,ITA,6,Friuli Venezia Giulia,45.64944,13.76814,0,0,0,0,0,0,0,0,0,0,189
2/29/20,ITA,12,Lazio,41.89277,12.48367,3,0,3,0,3,3,3,3,0,6,679
2/29/20,ITA,7,Liguria,44.41149,8.93270,4,1,5,33,38,19,23,4,0,42,121
2/29/20,ITA,3,Lombardia,45.46679,9.19035,256,80,336,216,552,78,84,40,23,615,5723
2/29/20,ITA,11,Marche,43.61676,13.51888,6,2,8,3,11,5,5,0,0,11,68
2/29/20,ITA,14,Molise,41.55775,14.65916,0,0,0,0,0,0,0,0,0,0,0
2/29/20,ITA,1,Piemonte,45.07327,7.68069,7,0,7,4,11,0,0,0,0,11,308
2/29/20,ITA,16,Puglia,41.12560,16.86737,1,0,1,2,3,0,0,0,0,3,252
2/29/20,ITA,20,Sardegna,39.21531,9.11062,0,0,0,0,0,0,0,0,0,0,1
2/29/20,ITA,19,Sicilia,38.11570,13.36236,1,0,1,1,2,0,0,2,0,4,6
2/29/20,ITA,9,Toscana,43.76923,11.25589,7,0,7,3,10,3,3,1,0,11,531
2/29/20,ITA,10,Umbria,43.10676,12.38825,0,0,0,0,0,0,0,0,0,0,31
2/29/20,ITA,2,Valle d'Aosta,45.73750,7.32015,0,0,0,0,0,0,0,0,0,0,9
2/29/20,ITA,5,Veneto,45.43490,12.33845,24,11,35,154,189,40,40,0,2,191,8659
2/29/20,ITA,4,Trentino Alto Adige,46.28413,11.23893,1,0,1,0,1,0,0,0,0,1,59
3/1/20,ITA,13,Abruzzo,42.35122,13.39844,3,0,3,2,5,3,3,0,0,5,52
3/1/20,ITA,17,Basilicata,40.63947,15.80515,0,0,0,0,0,0,0,0,0,0,39
3/1/20,ITA,18,Calabria,38.90598,16.59440,0,0,0,1,1,0,0,0,0,1,35
3/1/20,ITA,15,Campania,40.83957,14.25085,4,0,4,13,17,4,4,0,0,17,373
3/1/20,ITA,8,Emilia-Romagna,44.49437,11.34172,127,13,140,137,277,64,68,0,8,285,1795
3/1/20,ITA,6,Friuli Venezia Giulia,45.64944,13.76814,0,0,0,6,6,6,6,0,0,6,243
3/1/20,ITA,12,Lazio,41.89277,12.48367,3,0,3,0,3,0,0,3,0,6,724
3/1/20,ITA,7,Liguria,44.41149,8.93270,12,1,13,8,21,-17,-17,4,0,25,121
3/1/20,ITA,3,Lombardia,45.46679,9.19035,406,106,512,375,887,335,369,73,24,984,6879
3/1/20,ITA,11,Marche,43.61676,13.51888,12,5,17,8,25,14,14,0,0,25,101
3/1/20,ITA,14,Molise,41.55775,14.65916,0,0,0,0,0,0,0,0,0,0,6
3/1/20,ITA,1,Piemonte,45.07327,7.68069,11,2,13,36,49,38,38,0,0,49,362
3/1/20,ITA,16,Puglia,41.12560,16.86737,1,0,1,2,3,0,0,0,0,3,262
3/1/20,ITA,20,Sardegna,39.21531,9.11062,0,0,0,0,0,0,0,0,0,0,29
3/1/20,ITA,19,Sicilia,38.11570,13.36236,1,0,1,6,7,5,5,2,0,9,291
3/1/20,ITA,9,Toscana,43.76923,11.25589,7,0,7,5,12,2,2,1,0,13,572
3/1/20,ITA,10,Umbria,43.10676,12.38825,0,0,0,2,2,2,2,0,0,2,35
3/1/20,ITA,2,Valle d'Aosta,45.73750,7.32015,0,0,0,0,0,0,0,0,0,0,10
3/1/20,ITA,5,Veneto,45.43490,12.33845,51,13,64,197,261,72,72,0,2,263,9056
3/1/20,ITA,4,Trentino Alto Adige,46.28413,11.23893,1,0,1,0,1,0,0,0,0,1,142
3/2/20,ITA,13,Abruzzo,42.35122,13.39844,3,0,3,2,5,0,0,0,0,5,52
3/2/20,ITA,17,Basilicata,40.63947,15.80515,0,0,0,0,0,0,0,0,0,0,39
3/2/20,ITA,18,Calabria,38.90598,16.59440,0,0,0,1,1,0,0,0,0,1,39
3/2/20,ITA,15,Campania,40.83957,14.25085,4,0,4,13,17,0,0,0,0,17,373
3/2/20,ITA,8,Emilia-Romagna,44.49437,11.34172,148,16,164,160,324,47,50,0,11,335,1973
3/2/20,ITA,6,Friuli Venezia Giulia,45.64944,13.76814,0,0,0,9,9,3,3,0,0,9,269
3/2/20,ITA,12,Lazio,41.89277,12.48367,3,0,3,1,4,1,1,3,0,7,773
3/2/20,ITA,7,Liguria,44.41149,8.93270,12,1,13,5,18,-3,-3,4,0,22,121
3/2/20,ITA,3,Lombardia,45.46679,9.19035,478,127,605,472,1077,190,270,139,38,1254,7925
3/2/20,ITA,11,Marche,43.61676,13.51888,17,6,23,11,34,9,10,0,1,35,137
3/2/20,ITA,14,Molise,41.55775,14.65916,0,0,0,0,0,0,0,0,0,0,13
3/2/20,ITA,1,Piemonte,45.07327,7.68069,12,2,14,37,51,2,2,0,0,51,434
3/2/20,ITA,16,Puglia,41.12560,16.86737,2,0,2,2,4,1,1,0,0,4,278
3/2/20,ITA,20,Sardegna,39.21531,9.11062,0,0,0,0,0,0,0,0,0,0,29
3/2/20,ITA,19,Sicilia,38.11570,13.36236,2,0,2,3,5,-2,-2,2,0,7,307
3/2/20,ITA,9,Toscana,43.76923,11.25589,7,0,7,5,12,0,0,1,0,13,613
3/2/20,ITA,10,Umbria,43.10676,12.38825,0,0,0,2,2,0,0,0,0,2,35
3/2/20,ITA,2,Valle d'Aosta,45.73750,7.32015,0,0,0,0,0,0,0,0,0,0,11
3/2/20,ITA,5,Veneto,45.43490,12.33845,53,14,67,204,271,10,10,0,2,273,9782
3/2/20,ITA,4,Trentino Alto Adige,46.28413,11.23893,1,0,1,0,1,0,0,0,0,1,142
3/3/20,ITA,13,Abruzzo,42.35122,13.39844,5,0,5,1,6,1,1,0,0,6,52
3/3/20,ITA,17,Basilicata,40.63947,15.80515,0,0,0,1,1,1,1,0,0,1,42
3/3/20,ITA,18,Calabria,38.90598,16.59440,0,0,0,1,1,0,0,0,0,1,39
3/3/20,ITA,15,Campania,40.83957,14.25085,11,0,11,19,30,13,13,0,0,30,405
3/3/20,ITA,8,Emilia-Romagna,44.49437,11.34172,187,24,211,187,398,74,85,4,18,420,2012
3/3/20,ITA,6,Friuli Venezia Giulia,45.64944,13.76814,1,0,1,12,13,4,4,0,0,13,354
3/3/20,ITA,12,Lazio,41.89277,12.48367,10,0,10,1,11,7,7,3,0,14,877
3/3/20,ITA,7,Liguria,44.41149,8.93270,12,2,14,5,19,1,2,4,1,24,121
3/3/20,ITA,3,Lombardia,45.46679,9.19035,698,167,865,461,1326,249,266,139,55,1520,9577
3/3/20,ITA,11,Marche,43.61676,13.51888,27,13,40,19,59,25,26,0,2,61,200
3/3/20,ITA,14,Molise,41.55775,14.65916,3,0,3,0,3,3,3,0,0,3,13
3/3/20,ITA,1,Piemonte,45.07327,7.68069,13,3,16,40,56,5,5,0,0,56,458
3/3/20,ITA,16,Puglia,41.12560,16.86737,2,0,2,4,6,2,2,0,0,6,298
3/3/20,ITA,20,Sardegna,39.21531,9.11062,1,0,1,0,1,1,1,0,0,1,29
3/3/20,ITA,19,Sicilia,38.11570,13.36236,2,0,2,3,5,0,0,2,0,7,307
3/3/20,ITA,9,Toscana,43.76923,11.25589,10,0,10,8,18,6,6,1,0,19,697
3/3/20,ITA,10,Umbria,43.10676,12.38825,1,1,2,6,8,6,6,0,0,8,45
3/3/20,ITA,2,Valle d'Aosta,45.73750,7.32015,0,0,0,0,0,0,0,0,0,0,12
3/3/20,ITA,5,Veneto,45.43490,12.33845,49,19,68,229,297,26,34,7,3,307,10176
3/3/20,ITA,4,Trentino Alto Adige,46.28413,11.23893,2,0,2,3,5,4,4,0,0,5,142
3/4/20,ITA,13,Abruzzo,42.35122,13.39844,7,0,7,0,7,1,1,0,0,7,85
3/4/20,ITA,17,Basilicata,40.63947,15.80515,0,0,0,1,1,0,0,0,0,1,48
3/4/20,ITA,18,Calabria,38.90598,16.59440,0,0,0,1,1,0,0,0,0,1,46
3/4/20,ITA,15,Campania,40.83957,14.25085,11,0,11,20,31,1,1,0,0,31,429
3/4/20,ITA,8,Emilia-Romagna,44.49437,11.34172,256,26,282,234,516,118,124,6,22,544,2500
3/4/20,ITA,6,Friuli Venezia Giulia,45.64944,13.76814,3,0,3,15,18,5,5,0,0,18,376
3/4/20,ITA,12,Lazio,41.89277,12.48367,15,3,18,9,27,16,16,3,0,30,995
3/4/20,ITA,7,Liguria,44.41149,8.93270,10,3,13,8,21,2,2,4,1,26,133
3/4/20,ITA,3,Lombardia,45.46679,9.19035,877,209,1086,411,1497,171,300,250,73,1820,12138
3/4/20,ITA,11,Marche,43.61676,13.51888,34,15,49,31,80,21,23,0,4,84,288
3/4/20,ITA,14,Molise,41.55775,14.65916,3,0,3,0,3,0,0,0,0,3,19
3/4/20,ITA,1,Piemonte,45.07327,7.68069,26,13,39,43,82,26,26,0,0,82,543
3/4/20,ITA,16,Puglia,41.12560,16.86737,4,0,4,3,7,1,3,1,1,9,322
3/4/20,ITA,20,Sardegna,39.21531,9.11062,1,0,1,1,2,1,1,0,0,2,42
3/4/20,ITA,19,Sicilia,38.11570,13.36236,5,0,5,11,16,11,11,2,0,18,367
3/4/20,ITA,9,Toscana,43.76923,11.25589,15,2,17,20,37,19,19,1,0,38,776
3/4/20,ITA,10,Umbria,43.10676,12.38825,1,1,2,7,9,1,1,0,0,9,58
3/4/20,ITA,2,Valle d'Aosta,45.73750,7.32015,0,0,0,0,0,0,0,0,0,0,15
3/4/20,ITA,5,Veneto,45.43490,12.33845,76,23,99,246,345,48,53,9,6,360,10515
3/4/20,ITA,4,Trentino Alto Adige,46.28413,11.23893,2,0,2,4,6,1,1,0,0,6,142
3/5/20,ITA,13,Abruzzo,42.35122,13.39844,8,0,8,0,8,1,1,0,0,8,96
3/5/20,ITA,17,Basilicata,40.63947,15.80515,0,0,0,1,1,0,0,0,0,1,54
3/5/20,ITA,18,Calabria,38.90598,16.59440,1,0,1,1,2,1,1,0,0,2,53
3/5/20,ITA,15,Campania,40.83957,14.25085,12,0,12,33,45,14,14,0,0,45,471
3/5/20,ITA,8,Emilia-Romagna,44.49437,11.34172,327,32,359,299,658,142,154,10,30,698,2884
3/5/20,ITA,6,Friuli Venezia Giulia,45.64944,13.76814,4,0,4,17,21,3,3,0,0,21,397
3/5/20,ITA,12,Lazio,41.89277,12.48367,20,7,27,14,41,14,14,3,0,44,1175
3/5/20,ITA,7,Liguria,44.41149,8.93270,11,3,14,7,21,0,2,4,3,28,146
3/5/20,ITA,3,Lombardia,45.46679,9.19035,1169,244,1413,364,1777,280,431,376,98,2251,12354
3/5/20,ITA,11,Marche,43.61676,13.51888,57,19,76,44,120,40,40,0,4,124,413
3/5/20,ITA,14,Molise,41.55775,14.65916,4,0,4,3,7,4,4,0,0,7,24
3/5/20,ITA,1,Piemonte,45.07327,7.68069,43,17,60,46,106,24,26,0,2,108,543
3/5/20,ITA,16,Puglia,41.12560,16.86737,5,1,6,6,12,5,5,1,1,14,359
3/5/20,ITA,20,Sardegna,39.21531,9.11062,2,0,2,0,2,0,0,0,0,2,50
3/5/20,ITA,19,Sicilia,38.11570,13.36236,5,0,5,11,16,0,0,2,0,18,367
3/5/20,ITA,9,Toscana,43.76923,11.25589,26,3,29,31,60,23,23,1,0,61,776
3/5/20,ITA,10,Umbria,43.10676,12.38825,1,1,2,7,9,0,0,0,0,9,88
3/5/20,ITA,2,Valle d'Aosta,45.73750,7.32015,0,0,0,2,2,2,2,0,0,2,21
3/5/20,ITA,5,Veneto,45.43490,12.33845,92,24,116,264,380,35,47,17,10,407,11949
3/5/20,ITA,4,Trentino Alto Adige,46.28413,11.23893,3,0,3,5,8,2,2,0,0,8,142
3/6/20,ITA,13,Abruzzo,42.35122,13.39844,9,0,9,0,9,1,1,0,0,9,96
3/6/20,ITA,17,Basilicata,40.63947,15.80515,1,0,1,2,3,2,2,0,0,3,63
3/6/20,ITA,18,Calabria,38.90598,16.59440,2,0,2,2,4,2,2,0,0,4,99
3/6/20,ITA,15,Campania,40.83957,14.25085,12,0,12,45,57,12,12,0,0,57,471
3/6/20,ITA,8,Emilia-Romagna,44.49437,11.34172,397,53,450,366,816,158,172,17,37,870,3136
3/6/20,ITA,6,Friuli Venezia Giulia,45.64944,13.76814,4,0,4,24,28,7,10,3,0,31,577
3/6/20,ITA,12,Lazio,41.89277,12.48367,26,8,34,16,50,9,10,3,1,54,1373
3/6/20,ITA,7,Liguria,44.41149,8.93270,12,5,17,7,24,3,4,5,3,32,229
3/6/20,ITA,3,Lombardia,45.46679,9.19035,1622,309,1931,77,2008,231,361,469,135,2612,13556
3/6/20,ITA,11,Marche,43.61676,13.51888,73,20,93,62,155,35,35,0,4,159,585
3/6/20,ITA,14,Molise,41.55775,14.65916,3,2,5,7,12,5,5,0,0,12,104
3/6/20,ITA,1,Piemonte,45.07327,7.68069,57,30,87,52,139,33,35,0,4,143,793
3/6/20,ITA,16,Puglia,41.12560,16.86737,5,1,6,9,15,3,3,1,1,17,395
3/6/20,ITA,20,Sardegna,39.21531,9.11062,2,0,2,3,5,3,3,0,0,5,99
3/6/20,ITA,19,Sicilia,38.11570,13.36236,7,0,7,15,22,6,6,2,0,24,367
3/6/20,ITA,9,Toscana,43.76923,11.25589,35,5,40,38,78,18,18,1,0,79,1097
3/6/20,ITA,10,Umbria,43.10676,12.38825,2,2,4,12,16,7,7,0,0,16,110
3/6/20,ITA,2,Valle d'Aosta,45.73750,7.32015,0,0,0,7,7,5,5,0,0,7,28
3/6/20,ITA,5,Veneto,45.43490,12.33845,117,27,144,310,454,74,81,22,12,488,13023
3/6/20,ITA,4,Trentino Alto Adige,46.28413,11.23893,8,0,8,6,14,6,6,0,0,14,158
3/7/20,ITA,13,Abruzzo,42.35122,13.39844,11,0,11,0,11,2,2,0,0,11,123
3/7/20,ITA,17,Basilicata,40.63947,15.80515,1,0,1,2,3,0,0,0,0,3,75
3/7/20,ITA,18,Calabria,38.90598,16.59440,2,0,2,2,4,0,0,0,0,4,113
3/7/20,ITA,15,Campania,40.83957,14.25085,16,0,16,45,61,4,4,0,0,61,612
3/7/20,ITA,8,Emilia-Romagna,44.49437,11.34172,464,64,528,409,937,121,140,25,48,1010,3604
3/7/20,ITA,6,Friuli Venezia Giulia,45.64944,13.76814,7,1,8,31,39,11,11,3,0,42,577
3/7/20,ITA,12,Lazio,41.89277,12.48367,43,8,51,21,72,22,22,3,1,76,1582
3/7/20,ITA,7,Liguria,44.41149,8.93270,26,6,32,10,42,18,19,5,4,51,331
3/7/20,ITA,3,Lombardia,45.46679,9.19035,1661,359,2020,722,2742,734,808,524,154,3420,15778
3/7/20,ITA,11,Marche,43.61676,13.51888,94,36,130,71,201,46,48,0,6,207,816
3/7/20,ITA,14,Molise,41.55775,14.65916,3,2,5,9,14,2,2,0,0,14,112
3/7/20,ITA,1,Piemonte,45.07327,7.68069,110,38,148,54,202,63,64,0,5,207,1046
3/7/20,ITA,16,Puglia,41.12560,16.86737,9,2,11,12,23,8,9,1,2,26,395
3/7/20,ITA,20,Sardegna,39.21531,9.11062,2,0,2,3,5,0,0,0,0,5,99
3/7/20,ITA,19,Sicilia,38.11570,13.36236,8,0,8,25,33,11,11,2,0,35,643
3/7/20,ITA,9,Toscana,43.76923,11.25589,54,7,61,51,112,34,34,1,0,113,1331
3/7/20,ITA,10,Umbria,43.10676,12.38825,2,2,4,20,24,8,8,0,0,24,134
3/7/20,ITA,2,Valle d'Aosta,45.73750,7.32015,1,0,1,7,8,1,1,0,0,8,32
3/7/20,ITA,5,Veneto,45.43490,12.33845,123,41,164,341,505,51,55,25,13,543,14429
3/7/20,ITA,4,Trentino Alto Adige,46.28413,11.23893,14,1,15,8,23,9,9,0,0,23,230
3/8/20,ITA,13,Abruzzo,42.35122,13.39844,14,0,14,3,17,6,6,0,0,17,163
3/8/20,ITA,17,Basilicata,40.63947,15.80515,2,0,2,2,4,1,1,0,0,4,123
3/8/20,ITA,18,Calabria,38.90598,16.59440,5,0,5,4,9,5,5,0,0,9,113
3/8/20,ITA,15,Campania,40.83957,14.25085,30,7,37,63,100,39,40,1,0,101,980
3/8/20,ITA,8,Emilia-Romagna,44.49437,11.34172,542,75,617,480,1097,160,170,27,56,1180,4344
3/8/20,ITA,6,Friuli Venezia Giulia,45.64944,13.76814,7,1,8,45,53,14,15,3,1,57,997
3/8/20,ITA,12,Lazio,41.89277,12.48367,47,8,55,26,81,9,11,3,3,87,1929
3/8/20,ITA,7,Liguria,44.41149,8.93270,39,11,50,17,67,25,27,5,6,78,401
3/8/20,ITA,3,Lombardia,45.46679,9.19035,2217,399,2616,756,3372,630,769,550,267,4189,18534
3/8/20,ITA,11,Marche,43.61676,13.51888,110,41,151,114,265,64,65,0,7,272,1025
3/8/20,ITA,14,Molise,41.55775,14.65916,4,2,6,8,14,0,0,0,0,14,116
3/8/20,ITA,1,Piemonte,45.07327,7.68069,245,45,290,65,355,153,153,0,5,360,1636
3/8/20,ITA,16,Puglia,41.12560,16.86737,17,3,20,16,36,13,14,1,3,40,627
3/8/20,ITA,20,Sardegna,39.21531,9.11062,5,0,5,6,11,6,6,0,0,11,149
3/8/20,ITA,19,Sicilia,38.11570,13.36236,18,0,18,33,51,18,18,2,0,53,791
3/8/20,ITA,9,Toscana,43.76923,11.25589,91,7,98,67,165,53,53,1,0,166,1618
3/8/20,ITA,10,Umbria,43.10676,12.38825,2,2,4,22,26,2,2,0,0,26,168
3/8/20,ITA,2,Valle d'Aosta,45.73750,7.32015,1,0,1,8,9,1,1,0,0,9,41
3/8/20,ITA,5,Veneto,45.43490,12.33845,146,47,193,430,623,118,127,29,18,670,15918
3/8/20,ITA,4,Trentino Alto Adige,46.28413,11.23893,15,2,17,15,32,9,9,0,0,32,264
3/9/20,ITA,13,Abruzzo,42.35122,13.39844,25,0,25,5,30,13,13,0,0,30,237
3/9/20,ITA,17,Basilicata,40.63947,15.80515,2,0,2,3,5,1,1,0,0,5,135
3/9/20,ITA,18,Calabria,38.90598,16.59440,8,0,8,1,9,0,2,2,0,11,173
3/9/20,ITA,15,Campania,40.83957,14.25085,42,8,50,69,119,19,19,1,0,120,980
3/9/20,ITA,8,Emilia-Romagna,44.49437,11.34172,576,90,666,620,1286,189,206,30,70,1386,4906
3/9/20,ITA,6,Friuli Venezia Giulia,45.64944,13.76814,18,1,19,70,89,36,36,3,1,93,1344
3/9/20,ITA,12,Lazio,41.89277,12.48367,55,8,63,31,94,13,15,3,5,102,1929
3/9/20,ITA,7,Liguria,44.41149,8.93270,60,17,77,20,97,30,31,5,7,109,611
3/9/20,ITA,3,Lombardia,45.46679,9.19035,2802,440,3242,1248,4490,1118,1280,646,333,5469,20135
3/9/20,ITA,11,Marche,43.61676,13.51888,136,47,183,130,313,48,51,0,10,323,1250
3/9/20,ITA,14,Molise,41.55775,14.65916,4,2,6,8,14,0,0,0,0,14,212
3/9/20,ITA,1,Piemonte,45.07327,7.68069,222,50,272,65,337,-18,-10,0,13,350,1681
3/9/20,ITA,16,Puglia,41.12560,16.86737,20,6,26,20,46,10,10,1,3,50,685
3/9/20,ITA,20,Sardegna,39.21531,9.11062,8,0,8,11,19,8,8,0,0,19,185
3/9/20,ITA,19,Sicilia,38.11570,13.36236,19,0,19,33,52,1,1,2,0,54,836
3/9/20,ITA,9,Toscana,43.76923,11.25589,107,9,116,90,206,41,42,1,1,208,2018
3/9/20,ITA,10,Umbria,43.10676,12.38825,4,2,6,22,28,2,2,0,0,28,183
3/9/20,ITA,2,Valle d'Aosta,45.73750,7.32015,4,0,4,11,15,6,6,0,0,15,67
3/9/20,ITA,5,Veneto,45.43490,12.33845,186,51,237,457,694,71,74,30,20,744,15956
3/9/20,ITA,4,Trentino Alto Adige,46.28413,11.23893,18,2,20,22,42,10,10,0,0,42,303
3/10/20,ITA,13,Abruzzo,42.35122,13.39844,17,9,26,11,37,7,8,0,1,38,310
3/10/20,ITA,17,Basilicata,40.63947,15.80515,2,0,2,5,7,2,2,0,0,7,148
3/10/20,ITA,18,Calabria,38.90598,16.59440,8,2,10,1,11,2,2,2,0,13,360
3/10/20,ITA,15,Campania,40.83957,14.25085,33,8,41,85,126,7,7,1,0,127,1141
3/10/20,ITA,8,Emilia-Romagna,44.49437,11.34172,669,98,767,650,1417,131,147,31,85,1533,5494
3/10/20,ITA,6,Friuli Venezia Giulia,45.64944,13.76814,27,6,33,77,110,21,23,3,3,116,1602
3/10/20,ITA,12,Lazio,41.89277,12.48367,50,15,65,34,99,5,14,11,6,116,3591
3/10/20,ITA,7,Liguria,44.41149,8.93270,57,29,86,42,128,31,32,5,8,141,694
3/10/20,ITA,3,Lombardia,45.46679,9.19035,3319,466,3785,642,4427,-63,322,896,468,5791,21479
3/10/20,ITA,11,Marche,43.61676,13.51888,152,54,206,175,381,68,71,0,13,394,1437
3/10/20,ITA,14,Molise,41.55775,14.65916,3,3,6,9,15,1,1,0,0,15,225
3/10/20,ITA,1,Piemonte,45.07327,7.68069,306,66,372,64,436,99,103,0,17,453,2374
3/10/20,ITA,16,Puglia,41.12560,16.86737,28,6,34,21,55,9,9,1,3,59,747
3/10/20,ITA,20,Sardegna,39.21531,9.11062,9,0,9,11,20,1,1,0,0,20,204
3/10/20,ITA,19,Sicilia,38.11570,13.36236,17,2,19,41,60,8,8,2,0,62,955
3/10/20,ITA,9,Toscana,43.76923,11.25589,91,40,131,129,260,54,56,3,1,264,2573
3/10/20,ITA,10,Umbria,43.10676,12.38825,8,2,10,27,37,9,9,0,0,37,260
3/10/20,ITA,2,Valle d'Aosta,45.73750,7.32015,2,0,2,15,17,2,2,0,0,17,89
3/10/20,ITA,5,Veneto,45.43490,12.33845,204,67,271,512,783,89,112,47,26,856,16643
3/10/20,ITA,4,Trentino Alto Adige,46.28413,11.23893,36,4,40,48,88,46,48,2,0,90,435
3/11/20,ITA,13,Abruzzo,42.35122,13.39844,17,9,26,11,37,0,0,0,1,38,310
3/11/20,ITA,17,Basilicata,40.63947,15.80515,1,1,2,6,8,1,1,0,0,8,155
3/11/20,ITA,18,Calabria,38.90598,16.59440,10,2,12,5,17,6,6,2,0,19,405
3/11/20,ITA,15,Campania,40.83957,14.25085,56,11,67,82,149,23,27,4,1,154,1375
3/11/20,ITA,8,Emilia-Romagna,44.49437,11.34172,745,104,849,739,1588,171,206,38,113,1739,6640
3/11/20,ITA,6,Friuli Venezia Giulia,45.64944,13.76814,16,5,21,89,110,0,10,10,6,126,2073
3/11/20,ITA,12,Lazio,41.89277,12.48367,67,18,85,40,125,26,34,19,6,150,3591
3/11/20,ITA,7,Liguria,44.41149,8.93270,74,34,108,73,181,53,53,5,8,194,1025
3/11/20,ITA,3,Lombardia,45.46679,9.19035,3852,560,4412,1351,5763,1336,1489,900,617,7280,25629
3/11/20,ITA,11,Marche,43.61676,13.51888,212,66,278,183,461,80,85,0,18,479,1656
3/11/20,ITA,14,Molise,41.55775,14.65916,4,3,7,9,16,1,1,0,0,16,233
3/11/20,ITA,1,Piemonte,45.07327,7.68069,319,75,394,86,480,44,48,0,21,501,2431
3/11/20,ITA,16,Puglia,41.12560,16.86737,38,4,42,29,71,16,18,1,5,77,909
3/11/20,ITA,20,Sardegna,39.21531,9.11062,10,0,10,27,37,17,17,0,0,37,283
3/11/20,ITA,19,Sicilia,38.11570,13.36236,23,1,24,57,81,21,21,2,0,83,1194
3/11/20,ITA,9,Toscana,43.76923,11.25589,87,54,141,173,314,54,56,5,1,320,2804
3/11/20,ITA,10,Umbria,43.10676,12.38825,7,5,12,32,44,7,9,2,0,46,340
3/11/20,ITA,2,Valle d'Aosta,45.73750,7.32015,2,0,2,17,19,2,3,0,1,20,99
3/11/20,ITA,5,Veneto,45.43490,12.33845,262,68,330,610,940,157,167,54,29,1023,21400
3/11/20,ITA,4,Trentino Alto Adige,46.28413,11.23893,36,8,44,105,149,61,62,3,0,152,602
3/12/20,ITA,13,Abruzzo,42.35122,13.39844,47,12,59,19,78,41,46,4,2,84,867
3/12/20,ITA,17,Basilicata,40.63947,15.80515,1,1,2,6,8,0,0,0,0,8,155
3/12/20,ITA,18,Calabria,38.90598,16.59440,14,2,16,16,32,15,14,1,0,33,483
3/12/20,ITA,15,Campania,40.83957,14.25085,56,11,67,107,174,25,25,4,1,179,1551
3/12/20,ITA,8,Emilia-Romagna,44.49437,11.34172,814,112,926,832,1758,170,208,43,146,1947,7600
3/12/20,ITA,6,Friuli Venezia Giulia,45.64944,13.76814,23,10,33,115,148,38,41,11,8,167,2604
3/12/20,ITA,12,Lazio,41.89277,12.48367,85,20,105,67,172,47,50,19,9,200,5592
3/12/20,ITA,7,Liguria,44.41149,8.93270,100,36,136,107,243,62,80,20,11,274,1174
3/12/20,ITA,3,Lombardia,45.46679,9.19035,4247,605,4852,2044,6896,1133,1445,1085,744,8725,29534
3/12/20,ITA,11,Marche,43.61676,13.51888,254,76,330,240,570,109,113,0,22,592,1907
3/12/20,ITA,14,Molise,41.55775,14.65916,4,3,7,9,16,0,0,0,0,16,238
3/12/20,ITA,1,Piemonte,45.07327,7.68069,368,97,465,89,554,74,79,0,26,580,2879
3/12/20,ITA,16,Puglia,41.12560,16.86737,58,2,60,38,98,27,27,1,5,104,1269
3/12/20,ITA,20,Sardegna,39.21531,9.11062,12,0,12,27,39,2,2,0,0,39,302
3/12/20,ITA,19,Sicilia,38.11570,13.36236,28,5,33,78,111,30,32,2,2,115,1477
3/12/20,ITA,9,Toscana,43.76923,11.25589,100,59,159,193,352,38,44,7,5,364,3165
3/12/20,ITA,10,Umbria,43.10676,12.38825,8,8,16,46,62,18,18,2,0,64,458
3/12/20,ITA,2,Valle d'Aosta,45.73750,7.32015,7,0,7,19,26,7,7,0,1,27,118
3/12/20,ITA,5,Veneto,45.43490,12.33845,360,85,445,852,1297,357,361,55,32,1384,23438
3/12/20,ITA,4,Trentino Alto Adige,46.28413,11.23893,64,9,73,132,205,56,59,4,2,211,1200
3/13/20,ITA,13,Abruzzo,42.35122,13.39844,42,14,56,27,83,5,5,4,2,89,958
3/13/20,ITA,17,Basilicata,40.63947,15.80515,1,1,2,8,10,2,2,0,0,10,155
3/13/20,ITA,18,Calabria,38.90598,16.59440,18,3,21,16,37,5,5,1,0,38,504
3/13/20,ITA,15,Campania,40.83957,14.25085,60,19,79,134,213,39,41,5,2,220,1671
3/13/20,ITA,8,Emilia-Romagna,44.49437,11.34172,942,128,1070,941,2011,253,316,51,201,2263,8787
3/13/20,ITA,6,Friuli Venezia Giulia,45.64944,13.76814,59,8,67,169,236,88,90,11,10,257,3149
3/13/20,ITA,12,Lazio,41.89277,12.48367,122,24,146,96,242,70,77,24,11,277,6491
3/13/20,ITA,7,Liguria,44.41149,8.93270,128,44,172,132,304,61,71,24,17,345,1442
3/13/20,ITA,3,Lombardia,45.46679,9.19035,4435,650,5085,2647,7732,836,1095,1198,890,9820,32700
3/13/20,ITA,11,Marche,43.61676,13.51888,337,85,422,276,698,128,133,0,27,725,2218
3/13/20,ITA,14,Molise,41.55775,14.65916,5,3,8,9,17,1,1,0,0,17,243
3/13/20,ITA,1,Piemonte,45.07327,7.68069,556,135,691,103,794,240,260,0,46,840,3105
3/13/20,ITA,16,Puglia,41.12560,16.86737,77,2,79,42,121,23,25,3,5,129,1449
3/13/20,ITA,20,Sardegna,39.21531,9.11062,12,0,12,31,43,4,4,0,0,43,504
3/13/20,ITA,19,Sicilia,38.11570,13.36236,37,7,44,82,126,15,15,2,2,130,1950
3/13/20,ITA,9,Toscana,43.76923,11.25589,134,77,211,244,455,103,106,10,5,470,4049
3/13/20,ITA,10,Umbria,43.10676,12.38825,11,10,21,52,73,11,12,2,1,76,576
3/13/20,ITA,2,Valle d'Aosta,45.73750,7.32015,6,0,6,21,27,1,1,0,1,28,189
3/13/20,ITA,5,Veneto,45.43490,12.33845,366,107,473,980,1453,156,211,100,42,1595,25691
3/13/20,ITA,4,Trentino Alto Adige,46.28413,11.23893,78,11,89,191,280,75,77,4,4,288,1657
3/14/20,ITA,13,Abruzzo,42.35122,13.39844,51,14,65,41,106,23,23,4,2,112,1232
3/14/20,ITA,17,Basilicata,40.63947,15.80515,0,2,2,8,10,0,0,0,0,10,155
3/14/20,ITA,18,Calabria,38.90598,16.59440,22,4,26,33,59,22,22,1,0,60,711
3/14/20,ITA,15,Campania,40.83957,14.25085,72,17,89,154,243,30,52,23,6,272,1936
3/14/20,ITA,8,Emilia-Romagna,44.49437,11.34172,1076,152,1228,1121,2349,338,381,54,241,2644,10043
3/14/20,ITA,6,Friuli Venezia Giulia,45.64944,13.76814,67,11,78,193,271,35,44,17,13,301,3376
3/14/20,ITA,12,Lazio,41.89277,12.48367,181,25,206,114,320,78,80,24,13,357,7335
3/14/20,ITA,7,Liguria,44.41149,8.93270,213,62,275,109,384,80,118,52,27,463,1750
3/14/20,ITA,3,Lombardia,45.46679,9.19035,4898,732,5630,3429,9059,1327,1865,1660,966,11685,37138
3/14/20,ITA,11,Marche,43.61676,13.51888,449,93,542,321,863,165,174,0,36,899,2561
3/14/20,ITA,14,Molise,41.55775,14.65916,5,3,8,9,17,0,0,0,0,17,247
3/14/20,ITA,1,Piemonte,45.07327,7.68069,538,150,688,126,814,20,33,0,59,873,3680
3/14/20,ITA,16,Puglia,41.12560,16.86737,91,6,97,59,156,35,37,2,8,166,1681
3/14/20,ITA,20,Sardegna,39.21531,9.11062,14,0,14,33,47,4,4,0,0,47,530
3/14/20,ITA,19,Sicilia,38.11570,13.36236,42,11,53,97,150,24,26,4,2,156,2100
3/14/20,ITA,9,Toscana,43.76923,11.25589,160,87,247,367,614,159,160,10,6,630,4595
3/14/20,ITA,10,Umbria,43.10676,12.38825,21,11,32,71,103,30,31,3,1,107,748
3/14/20,ITA,2,Valle d'Aosta,45.73750,7.32015,12,0,12,29,41,14,14,0,1,42,231
3/14/20,ITA,5,Veneto,45.43490,12.33845,366,119,485,1290,1775,322,342,107,55,1937,26980
3/14/20,ITA,4,Trentino Alto Adige,46.28413,11.23893,94,19,113,256,369,89,91,5,5,379,2141
3/15/20,ITA,13,Abruzzo,42.35122,13.39844,72,28,100,28,128,22,25,6,3,137,1419
3/15/20,ITA,17,Basilicata,40.63947,15.80515,0,2,2,9,11,1,1,0,0,11,208
3/15/20,ITA,18,Calabria,38.90598,16.59440,32,6,38,28,66,7,8,1,1,68,884
3/15/20,ITA,15,Campania,40.83957,14.25085,73,22,95,201,296,53,61,28,9,333,2213
3/15/20,ITA,8,Emilia-Romagna,44.49437,11.34172,1215,169,1384,1357,2741,392,449,68,284,3093,12054
3/15/20,ITA,6,Friuli Venezia Giulia,45.64944,13.76814,98,12,110,206,316,45,46,17,14,347,3407
3/15/20,ITA,12,Lazio,41.89277,12.48367,223,31,254,142,396,76,79,24,16,436,8345
3/15/20,ITA,7,Liguria,44.41149,8.93270,253,66,319,174,493,109,96,33,33,559,1973
3/15/20,ITA,3,Lombardia,45.46679,9.19035,5500,767,6267,3776,10043,984,1587,2011,1218,13272,40369
3/15/20,ITA,11,Marche,43.61676,13.51888,521,98,619,468,1087,224,234,0,46,1133,2946
3/15/20,ITA,14,Molise,41.55775,14.65916,3,4,7,10,17,0,0,0,0,17,248
3/15/20,ITA,1,Piemonte,45.07327,7.68069,726,171,897,133,1030,216,238,0,81,1111,4375
3/15/20,ITA,16,Puglia,41.12560,16.86737,116,6,122,90,212,56,64,2,16,230,2017
3/15/20,ITA,20,Sardegna,39.21531,9.11062,16,0,16,59,75,28,30,0,2,77,613
3/15/20,ITA,19,Sicilia,38.11570,13.36236,56,15,71,108,179,29,32,7,2,188,2452
3/15/20,ITA,9,Toscana,43.76923,11.25589,175,107,282,481,763,149,151,10,8,781,5132
3/15/20,ITA,10,Umbria,43.10676,12.38825,25,13,38,101,139,36,36,3,1,143,965
3/15/20,ITA,2,Valle d'Aosta,45.73750,7.32015,10,3,13,43,56,15,15,0,1,57,230
3/15/20,ITA,5,Veneto,45.43490,12.33845,426,129,555,1434,1989,214,235,120,63,2172,32546
3/15/20,ITA,4,Trentino Alto Adige,46.28413,11.23893,123,23,146,420,566,197,203,5,11,582,2503
3/16/20,ITA,13,Abruzzo,42.35122,13.39844,71,37,108,57,165,37,39,7,4,176,1533
3/16/20,ITA,17,Basilicata,40.63947,15.80515,1,2,3,9,12,1,1,0,0,12,230
3/16/20,ITA,18,Calabria,38.90598,16.59440,36,7,43,44,87,21,21,1,1,89,1030
3/16/20,ITA,15,Campania,40.83957,14.25085,103,22,125,238,363,67,67,28,9,400,2517
3/16/20,ITA,8,Emilia-Romagna,44.49437,11.34172,1362,197,1559,1529,3088,347,429,88,346,3522,13096
3/16/20,ITA,6,Friuli Venezia Giulia,45.64944,13.76814,96,19,115,231,346,30,39,18,22,386,4851
3/16/20,ITA,12,Lazio,41.89277,12.48367,267,31,298,174,472,76,87,32,19,523,9330
3/16/20,ITA,7,Liguria,44.41149,8.93270,255,73,328,247,575,82,108,42,50,667,2189
3/16/20,ITA,3,Lombardia,45.46679,9.19035,6171,823,6994,3867,10861,818,1377,2368,1420,14649,43565
3/16/20,ITA,11,Marche,43.61676,13.51888,528,110,638,547,1185,98,109,0,57,1242,3225
3/16/20,ITA,14,Molise,41.55775,14.65916,3,5,8,7,15,-2,4,5,1,21,253
3/16/20,ITA,1,Piemonte,45.07327,7.68069,1045,186,1231,174,1405,375,405,0,111,1516,5588
3/16/20,ITA,16,Puglia,41.12560,16.86737,116,6,122,90,212,0,0,2,16,230,2017
3/16/20,ITA,20,Sardegna,39.21531,9.11062,39,0,39,66,105,30,30,0,2,107,797
3/16/20,ITA,19,Sicilia,38.11570,13.36236,75,20,95,108,203,24,25,8,2,213,2653
3/16/20,ITA,9,Toscana,43.76923,11.25589,175,107,282,559,841,78,85,11,14,866,5910
3/16/20,ITA,10,Umbria,43.10676,12.38825,30,15,45,114,159,20,21,4,1,164,1093
3/16/20,ITA,2,Valle d'Aosta,45.73750,7.32015,28,5,33,70,103,47,48,0,2,105,287
3/16/20,ITA,5,Veneto,45.43490,12.33845,498,156,654,1620,2274,285,301,130,69,2473,35052
3/16/20,ITA,4,Trentino Alto Adige,46.28413,11.23893,126,30,156,446,602,36,37,5,12,619,2746
3/17/20,ITA,13,Abruzzo,42.35122,13.39844,94,32,126,90,216,51,53,7,6,229,1688
3/17/20,ITA,17,Basilicata,40.63947,15.80515,5,2,7,13,20,8,8,0,0,20,262
3/17/20,ITA,18,Calabria,38.90598,16.59440,45,10,55,57,112,25,25,1,1,114,1293
3/17/20,ITA,15,Campania,40.83957,14.25085,127,24,151,272,423,60,60,28,9,460,2685
3/17/20,ITA,8,Emilia-Romagna,44.49437,11.34172,1566,223,1789,1615,3404,316,409,134,393,3931,14510
3/17/20,ITA,6,Friuli Venezia Giulia,45.64944,13.76814,104,21,125,222,347,1,8,17,30,394,4958
3/17/20,ITA,12,Lazio,41.89277,12.48367,314,44,358,192,550,78,84,34,23,607,9436
3/17/20,ITA,7,Liguria,44.41149,8.93270,299,85,384,277,661,86,111,57,60,778,2509
3/17/20,ITA,3,Lombardia,45.46679,9.19035,6953,879,7832,4263,12095,1234,1571,2485,1640,16220,46449
3/17/20,ITA,11,Marche,43.61676,13.51888,599,109,708,594,1302,117,129,0,69,1371,3225
3/17/20,ITA,14,Molise,41.55775,14.65916,7,5,12,7,19,4,4,5,1,25,301
3/17/20,ITA,1,Piemonte,45.07327,7.68069,1378,206,1584,180,1764,359,381,0,133,1897,6543
3/17/20,ITA,16,Puglia,41.12560,16.86737,155,14,169,151,320,108,110,2,18,340,3077
3/17/20,ITA,20,Sardegna,39.21531,9.11062,36,4,40,75,115,10,10,0,2,117,1003
3/17/20,ITA,19,Sicilia,38.11570,13.36236,86,28,114,112,226,23,24,8,3,237,2916
3/17/20,ITA,9,Toscana,43.76923,11.25589,329,143,472,552,1024,183,187,12,17,1053,6727
3/17/20,ITA,10,Umbria,43.10676,12.38825,36,21,57,135,192,33,33,4,1,197,1323
3/17/20,ITA,2,Valle d'Aosta,45.73750,7.32015,35,6,41,93,134,31,31,0,2,136,398
3/17/20,ITA,5,Veneto,45.43490,12.33845,548,171,719,1769,2488,214,231,136,80,2704,35478
3/17/20,ITA,4,Trentino Alto Adige,46.28413,11.23893,178,33,211,439,650,48,57,11,15,676,3876
3/18/20,ITA,13,Abruzzo,42.35122,13.39844,99,41,140,109,249,33,34,7,7,263,2054
3/18/20,ITA,17,Basilicata,40.63947,15.80515,9,2,11,16,27,7,7,0,0,27,262
3/18/20,ITA,18,Calabria,38.90598,16.59440,45,11,56,70,126,14,15,2,1,129,1668
3/18/20,ITA,15,Campania,40.83957,14.25085,127,24,151,272,423,0,0,28,9,460,2685
3/18/20,ITA,8,Emilia-Romagna,44.49437,11.34172,1784,247,2031,1884,3915,511,594,152,458,4525,15461
3/18/20,ITA,6,Friuli Venezia Giulia,45.64944,13.76814,128,27,155,261,416,69,68,15,31,462,4958
3/18/20,ITA,12,Lazio,41.89277,12.48367,374,44,418,232,650,100,117,42,32,724,11145
3/18/20,ITA,7,Liguria,44.41149,8.93270,401,100,501,243,744,83,109,70,73,887,2912
3/18/20,ITA,3,Lombardia,45.46679,9.19035,7285,924,8209,4057,12266,171,1493,3488,1959,17713,48983
3/18/20,ITA,11,Marche,43.61676,13.51888,638,119,757,719,1476,174,197,0,92,1568,4109
3/18/20,ITA,14,Molise,41.55775,14.65916,7,6,13,8,21,2,3,6,1,28,361
3/18/20,ITA,1,Piemonte,45.07327,7.68069,1780,227,2007,180,2187,423,444,0,154,2341,7516
3/18/20,ITA,16,Puglia,41.12560,16.86737,156,30,186,176,362,42,43,2,19,383,3433
3/18/20,ITA,20,Sardegna,39.21531,9.11062,42,7,49,83,132,17,17,0,2,134,1135
3/18/20,ITA,19,Sicilia,38.11570,13.36236,100,29,129,138,267,41,45,12,3,282,3294
3/18/20,ITA,9,Toscana,43.76923,11.25589,427,160,587,704,1291,267,277,17,22,1330,7606
3/18/20,ITA,10,Umbria,43.10676,12.38825,54,21,75,166,241,49,50,4,2,247,1601
3/18/20,ITA,2,Valle d'Aosta,45.73750,7.32015,41,3,44,118,162,28,29,0,3,165,486
3/18/20,ITA,5,Veneto,45.43490,12.33845,646,195,841,2112,2953,465,510,167,94,3214,40841
3/18/20,ITA,4,Trentino Alto Adige,46.28413,11.23893,220,40,260,542,802,152,155,13,16,831,5031
3/19/20,ITA,13,Abruzzo,42.35122,13.39844,181,47,228,138,366,117,122,8,11,385,2409
3/19/20,ITA,17,Basilicata,40.63947,15.80515,8,5,13,24,37,10,10,0,0,37,353
3/19/20,ITA,18,Calabria,38.90598,16.59440,60,13,73,91,164,38,40,2,3,169,2342
3/19/20,ITA,15,Campania,40.83957,14.25085,213,36,249,356,605,182,192,30,17,652,3544
3/19/20,ITA,8,Emilia-Romagna,44.49437,11.34172,1900,260,2160,2346,4506,591,689,177,531,5214,18344
3/19/20,ITA,6,Friuli Venezia Giulia,45.64944,13.76814,134,29,163,359,522,106,137,41,36,599,4052
3/19/20,ITA,12,Lazio,41.89277,12.48367,426,45,471,270,741,91,99,44,38,823,11145
3/19/20,ITA,7,Liguria,44.41149,8.93270,491,112,603,280,883,139,172,85,91,1059,3348
3/19/20,ITA,3,Lombardia,45.46679,9.19035,7387,1006,8393,5545,13938,1672,2171,3778,2168,19884,52244
3/19/20,ITA,11,Marche,43.61676,13.51888,656,141,797,825,1622,146,169,0,115,1737,4512
3/19/20,ITA,14,Molise,41.55775,14.65916,19,6,25,13,38,17,18,6,2,46,426
3/19/20,ITA,1,Piemonte,45.07327,7.68069,2279,257,2536,218,2754,567,591,3,175,2932,8853
3/19/20,ITA,16,Puglia,41.12560,16.86737,173,31,204,245,449,87,95,4,25,478,4046
3/19/20,ITA,20,Sardegna,39.21531,9.11062,43,9,52,152,204,72,72,0,2,206,1334
3/19/20,ITA,19,Sicilia,38.11570,13.36236,143,36,179,142,321,54,58,15,4,340,3961
3/19/20,ITA,9,Toscana,43.76923,11.25589,501,178,679,743,1422,131,152,22,38,1482,8873
3/19/20,ITA,10,Umbria,43.10676,12.38825,69,21,90,238,328,87,87,4,2,334,1954
3/19/20,ITA,2,Valle d'Aosta,45.73750,7.32015,47,9,56,153,209,47,50,0,6,215,608
3/19/20,ITA,5,Veneto,45.43490,12.33845,771,209,980,2189,3169,216,270,200,115,3484,44658
3/19/20,ITA,4,Trentino Alto Adige,46.28413,11.23893,256,48,304,608,912,110,128,21,26,959,5771
3/20/20,ITA,13,Abruzzo,42.35122,13.39844,190,48,238,184,422,56,64,10,17,449,2695
3/20/20,ITA,17,Basilicata,40.63947,15.80515,8,5,13,39,52,15,15,0,0,52,443
3/20/20,ITA,18,Calabria,38.90598,16.59440,71,16,87,114,201,37,38,2,4,207,2690
3/20/20,ITA,15,Campania,40.83957,14.25085,130,41,171,531,702,97,97,30,17,749,3845
3/20/20,ITA,8,Emilia-Romagna,44.49437,11.34172,2083,267,2350,2739,5089,583,754,239,640,5968,20753
3/20/20,ITA,6,Friuli Venezia Giulia,45.64944,13.76814,143,32,175,380,555,33,57,63,38,656,4964
3/20/20,ITA,12,Lazio,41.89277,12.48367,537,47,584,328,912,171,185,53,43,1008,13889
3/20/20,ITA,7,Liguria,44.41149,8.93270,573,121,694,307,1001,118,162,101,119,1221,3794
3/20/20,ITA,3,Lombardia,45.46679,9.19035,7735,1050,8785,6635,15420,1482,2380,4295,2549,22264,57174
3/20/20,ITA,11,Marche,43.61676,13.51888,704,138,842,1002,1844,222,244,0,137,1981,5170
3/20/20,ITA,14,Molise,41.55775,14.65916,20,6,26,13,39,1,4,6,5,50,426
3/20/20,ITA,1,Piemonte,45.07327,7.68069,1541,280,1821,1423,3244,490,529,8,209,3461,9975
3/20/20,ITA,16,Puglia,41.12560,16.86737,191,31,222,329,551,102,103,4,26,581,4789
3/20/20,ITA,20,Sardegna,39.21531,9.11062,56,15,71,217,288,84,87,3,2,293,1912
3/20/20,ITA,19,Sicilia,38.11570,13.36236,168,42,210,169,379,58,68,25,4,408,4468
3/20/20,ITA,9,Toscana,43.76923,11.25589,601,189,790,923,1713,291,311,33,47,1793,10405
3/20/20,ITA,10,Umbria,43.10676,12.38825,75,24,99,285,384,56,61,4,7,395,2303
3/20/20,ITA,2,Valle d'Aosta,45.73750,7.32015,54,9,63,194,257,48,49,0,7,264,814
3/20/20,ITA,5,Veneto,45.43490,12.33845,843,236,1079,2598,3677,508,547,223,131,4031,49288
3/20/20,ITA,4,Trentino Alto Adige,46.28413,11.23893,297,58,355,775,1130,218,231,30,30,1190,7089
3/21/20,ITA,13,Abruzzo,42.35122,13.39844,185,44,229,265,494,72,80,13,22,529,3035
3/21/20,ITA,17,Basilicata,40.63947,15.80515,12,7,19,47,66,14,14,0,0,66,522
3/21/20,ITA,18,Calabria,38.90598,16.59440,73,16,89,136,225,24,28,5,5,235,3050
3/21/20,ITA,15,Campania,40.83957,14.25085,233,87,320,473,793,91,95,29,22,844,4448
3/21/20,ITA,8,Emilia-Romagna,44.49437,11.34172,2267,265,2532,3129,5661,572,737,329,715,6705,24620
3/21/20,ITA,6,Friuli Venezia Giulia,45.64944,13.76814,152,37,189,477,666,111,134,82,42,790,5955
3/21/20,ITA,12,Lazio,41.89277,12.48367,591,70,661,425,1086,174,182,54,50,1190,13889
3/21/20,ITA,7,Liguria,44.41149,8.93270,598,129,727,432,1159,158,215,125,152,1436,4304
3/21/20,ITA,3,Lombardia,45.46679,9.19035,8258,1093,9351,8019,17370,1950,3251,5050,3095,25515,66730
3/21/20,ITA,11,Marche,43.61676,13.51888,742,141,883,1114,1997,153,172,2,154,2153,5740
3/21/20,ITA,14,Molise,41.55775,14.65916,21,6,27,20,47,8,11,7,7,61,449
3/21/20,ITA,1,Piemonte,45.07327,7.68069,1976,301,2277,1229,3506,262,291,8,238,3752,10701
3/21/20,ITA,16,Puglia,41.12560,16.86737,209,33,242,400,642,91,94,4,29,675,5617
3/21/20,ITA,20,Sardegna,39.21531,9.11062,65,16,81,240,321,33,37,5,4,330,2297
3/21/20,ITA,19,Sicilia,38.11570,13.36236,206,48,254,204,458,79,82,26,6,490,4883
3/21/20,ITA,9,Toscana,43.76923,11.25589,664,202,866,1039,1905,192,219,35,72,2012,11909
3/21/20,ITA,10,Umbria,43.10676,12.38825,92,29,121,326,447,63,67,5,10,462,2712
3/21/20,ITA,2,Valle d'Aosta,45.73750,7.32015,62,15,77,227,304,47,49,1,8,313,884
3/21/20,ITA,5,Veneto,45.43490,12.33845,942,249,1191,3023,4214,537,586,257,146,4617,53642
3/21/20,ITA,4,Trentino Alto Adige,46.28413,11.23893,360,69,429,891,1320,190,213,35,48,1403,7835
3/22/20,ITA,13,Abruzzo,42.35122,13.39844,218,49,267,272,539,45,58,15,33,587,3375
3/22/20,ITA,17,Basilicata,40.63947,15.80515,13,10,23,58,81,15,15,0,0,81,643
3/22/20,ITA,18,Calabria,38.90598,16.59440,77,17,94,166,260,35,38,5,8,273,3666
3/22/20,ITA,15,Campania,40.83957,14.25085,243,99,342,524,866,73,92,41,29,936,4943
3/22/20,ITA,8,Emilia-Romagna,44.49437,11.34172,2429,269,2698,3692,6390,729,850,349,816,7555,28022
3/22/20,ITA,6,Friuli Venezia Giulia,45.64944,13.76814,163,47,210,528,738,72,84,89,47,874,6761
3/22/20,ITA,12,Lazio,41.89277,12.48367,671,79,750,522,1272,186,193,58,53,1383,17845
3/22/20,ITA,7,Liguria,44.41149,8.93270,736,132,868,483,1351,192,229,143,171,1665,4995
3/22/20,ITA,3,Lombardia,45.46679,9.19035,9439,1142,10581,7304,17885,515,1691,5865,3456,27206,70598
3/22/20,ITA,11,Marche,43.61676,13.51888,816,138,954,1277,2231,234,268,6,184,2421,6391
3/22/20,ITA,14,Molise,41.55775,14.65916,24,7,31,21,52,5,5,7,7,66,532
3/22/20,ITA,1,Piemonte,45.07327,7.68069,2118,308,2426,1701,4127,621,668,10,283,4420,12701
3/22/20,ITA,16,Puglia,41.12560,16.86737,252,37,289,459,748,106,111,7,31,786,6160
3/22/20,ITA,20,Sardegna,39.21531,9.11062,67,16,83,244,327,6,9,5,7,339,2402
3/22/20,ITA,19,Sicilia,38.11570,13.36236,220,55,275,321,596,138,140,26,8,630,5580
3/22/20,ITA,9,Toscana,43.76923,11.25589,706,215,921,1223,2144,239,265,42,91,2277,13264
3/22/20,ITA,10,Umbria,43.10676,12.38825,97,35,132,368,500,53,59,5,16,521,3135
3/22/20,ITA,2,Valle d'Aosta,45.73750,7.32015,63,21,84,270,354,50,51,1,9,364,950
3/22/20,ITA,5,Veneto,45.43490,12.33845,1113,255,1368,3276,4644,430,505,309,169,5122,57671
3/22/20,ITA,4,Trentino Alto Adige,46.28413,11.23893,381,78,459,1074,1533,213,229,41,58,1632,8768
3/23/20,ITA,13,Abruzzo,42.35122,13.39844,228,52,280,325,605,66,76,20,38,663,3674
3/23/20,ITA,17,Basilicata,40.63947,15.80515,15,12,27,62,89,8,9,0,1,90,696
3/23/20,ITA,18,Calabria,38.90598,16.59440,82,20,102,178,280,20,19,5,7,292,4073
3/23/20,ITA,15,Campania,40.83957,14.25085,266,110,376,553,929,63,90,48,49,1026,5813
3/23/20,ITA,8,Emilia-Romagna,44.49437,11.34172,2846,276,3122,4098,7220,830,980,423,892,8535,31200
3/23/20,ITA,6,Friuli Venezia Giulia,45.64944,13.76814,185,41,226,545,771,33,56,105,54,930,7424
3/23/20,ITA,12,Lazio,41.89277,12.48367,718,96,814,600,1414,142,157,63,63,1540,18371
3/23/20,ITA,7,Liguria,44.41149,8.93270,761,133,894,659,1553,202,259,159,212,1924,5538
3/23/20,ITA,3,Lombardia,45.46679,9.19035,9266,1183,10449,8461,18910,1025,1555,6075,3776,28761,73242
3/23/20,ITA,11,Marche,43.61676,13.51888,882,148,1030,1328,2358,127,148,8,203,2569,6782
3/23/20,ITA,14,Molise,41.55775,14.65916,25,7,32,18,50,-2,1,10,7,67,532
3/23/20,ITA,1,Piemonte,45.07327,7.68069,2194,343,2537,1992,4529,402,441,17,315,4861,13560
3/23/20,ITA,16,Puglia,41.12560,16.86737,285,45,330,532,862,114,120,7,37,906,6761
3/23/20,ITA,20,Sardegna,39.21531,9.11062,76,18,94,249,343,16,20,5,11,359,2568
3/23/20,ITA,19,Sicilia,38.11570,13.36236,250,60,310,371,681,85,91,27,13,721,6375
3/23/20,ITA,9,Toscana,43.76923,11.25589,838,238,1076,1225,2301,157,184,51,109,2461,13851
3/23/20,ITA,10,Umbria,43.10676,12.38825,106,42,148,408,556,56,56,5,16,577,3561
3/23/20,ITA,2,Valle d'Aosta,45.73750,7.32015,69,20,89,290,379,25,29,2,12,393,1098
3/23/20,ITA,5,Veneto,45.43490,12.33845,1206,281,1487,3499,4986,342,383,327,192,5505,61115
3/23/20,ITA,4,Trentino Alto Adige,46.28413,11.23893,394,79,473,1129,1602,69,115,75,70,1747,9234
3/24/20,ITA,13,Abruzzo,42.35122,13.39844,234,57,291,331,622,17,26,21,46,689,4294
3/24/20,ITA,17,Basilicata,40.63947,15.80515,14,12,26,65,91,2,2,0,1,92,744
3/24/20,ITA,18,Calabria,38.90598,16.59440,88,21,109,195,304,24,27,5,10,319,4486
3/24/20,ITA,15,Campania,40.83957,14.25085,345,181,526,466,992,63,75,53,56,1101,6297
3/24/20,ITA,8,Emilia-Romagna,44.49437,11.34172,2974,291,3265,4446,7711,491,719,558,985,9254,33527
3/24/20,ITA,6,Friuli Venezia Giulia,45.64944,13.76814,195,49,244,604,848,77,62,80,64,992,8526
3/24/20,ITA,12,Lazio,41.89277,12.48367,747,94,841,704,1545,131,188,103,80,1728,18371
3/24/20,ITA,7,Liguria,44.41149,8.93270,803,147,950,742,1692,139,192,193,231,2116,5992
3/24/20,ITA,3,Lombardia,45.46679,9.19035,9711,1194,10905,8963,19868,958,1942,6657,4178,30703,76695
3/24/20,ITA,11,Marche,43.61676,13.51888,862,149,1011,1486,2497,139,167,8,231,2736,7229
3/24/20,ITA,14,Molise,41.55775,14.65916,27,7,34,21,55,5,6,10,8,73,572
3/24/20,ITA,1,Piemonte,45.07327,7.68069,2404,360,2764,2360,5124,595,654,17,374,5515,15469
3/24/20,ITA,16,Puglia,41.12560,16.86737,317,57,374,566,940,78,99,21,44,1005,7345
3/24/20,ITA,20,Sardegna,39.21531,9.11062,80,19,99,296,395,52,62,11,15,421,2859
3/24/20,ITA,19,Sicilia,38.11570,13.36236,250,60,310,489,799,118,125,27,20,846,7170
3/24/20,ITA,9,Toscana,43.76923,11.25589,918,244,1162,1357,2519,218,238,51,129,2699,15701
3/24/20,ITA,10,Umbria,43.10676,12.38825,105,43,148,476,624,68,71,5,19,648,4108
3/24/20,ITA,2,Valle d'Aosta,45.73750,7.32015,71,20,91,288,379,0,7,2,19,400,1180
3/24/20,ITA,5,Veneto,45.43490,12.33845,1318,304,1622,3729,5351,365,443,381,216,5948,66178
3/24/20,ITA,4,Trentino Alto Adige,46.28413,11.23893,474,87,561,1113,1674,72,144,123,94,1891,10221
3/25/20,ITA,13,Abruzzo,42.35122,13.39844,248,59,307,431,738,116,124,23,52,813,4982
3/25/20,ITA,17,Basilicata,40.63947,15.80515,20,14,34,78,112,21,21,0,1,113,857
3/25/20,ITA,18,Calabria,38.90598,16.59440,93,23,116,217,333,29,32,7,11,351,5058
3/25/20,ITA,15,Campania,40.83957,14.25085,318,123,441,631,1072,80,98,53,74,1199,6972
3/25/20,ITA,8,Emilia-Romagna,44.49437,11.34172,3180,294,3474,4782,8256,545,800,721,1077,10054,38045
3/25/20,ITA,6,Friuli Venezia Giulia,45.64944,13.76814,200,52,252,659,911,63,147,158,70,1139,9494
3/25/20,ITA,12,Lazio,41.89277,12.48367,805,101,906,769,1675,130,173,131,95,1901,20669
3/25/20,ITA,7,Liguria,44.41149,8.93270,927,147,1074,752,1826,134,189,225,254,2305,6602
3/25/20,ITA,3,Lombardia,45.46679,9.19035,10026,1236,11262,9329,20591,723,1643,7281,4474,32346,81666
3/25/20,ITA,11,Marche,43.61676,13.51888,938,148,1086,1553,2639,142,198,8,287,2934,7896
3/25/20,ITA,14,Molise,41.55775,14.65916,26,7,33,20,53,-2,0,12,8,73,580
3/25/20,ITA,1,Piemonte,45.07327,7.68069,2544,381,2925,2631,5556,432,509,19,449,6024,16655
3/25/20,ITA,16,Puglia,41.12560,16.86737,349,64,413,610,1023,83,88,22,48,1093,8223
3/25/20,ITA,20,Sardegna,39.21531,9.11062,82,19,101,311,412,17,21,12,18,442,3019
3/25/20,ITA,19,Sicilia,38.11570,13.36236,259,80,339,597,936,137,148,33,25,994,8312
3/25/20,ITA,9,Toscana,43.76923,11.25589,999,251,1250,1526,2776,257,273,54,142,2972,17868
3/25/20,ITA,10,Umbria,43.10676,12.38825,123,44,167,519,686,62,62,5,19,710,4707
3/25/20,ITA,2,Valle d'Aosta,45.73750,7.32015,70,25,95,280,375,-4,1,2,24,401,1200
3/25/20,ITA,5,Veneto,45.43490,12.33845,1407,316,1723,4022,5745,394,494,439,258,6442,70877
3/25/20,ITA,4,Trentino Alto Adige,46.28413,11.23893,498,105,603,1203,1806,132,189,157,117,2080,10763
3/26/20,ITA,13,Abruzzo,42.35122,13.39844,280,64,344,516,860,122,133,23,63,946,5488
3/26/20,ITA,17,Basilicata,40.63947,15.80515,22,16,38,95,133,21,21,0,1,134,1046
3/26/20,ITA,18,Calabria,38.90598,16.59440,101,23,124,248,372,39,42,7,14,393,5933
3/26/20,ITA,15,Campania,40.83957,14.25085,448,114,562,607,1169,97,111,58,83,1310,8346
3/26/20,ITA,8,Emilia-Romagna,44.49437,11.34172,3354,301,3655,5195,8850,594,762,792,1174,10816,42395
3/26/20,ITA,6,Friuli Venezia Giulia,45.64944,13.76814,212,54,266,688,954,43,84,197,72,1223,10721
3/26/20,ITA,12,Lazio,41.89277,12.48367,878,113,991,844,1835,160,195,155,106,2096,22771
3/26/20,ITA,7,Liguria,44.41149,8.93270,998,154,1152,875,2027,201,262,260,280,2567,7304
3/26/20,ITA,3,Lombardia,45.46679,9.19035,10681,1263,11944,10245,22189,1598,2543,7839,4861,34889,87713
3/26/20,ITA,11,Marche,43.61676,13.51888,977,166,1143,1652,2795,156,180,9,310,3114,8623
3/26/20,ITA,14,Molise,41.55775,14.65916,27,8,35,46,81,28,30,14,8,103,670
3/26/20,ITA,1,Piemonte,45.07327,7.68069,2633,408,3041,2909,5950,394,510,135,449,6534,18054
3/26/20,ITA,16,Puglia,41.12560,16.86737,480,76,556,539,1095,72,89,22,65,1182,9191
3/26/20,ITA,20,Sardegna,39.21531,9.11062,92,20,112,350,462,50,52,13,19,494,3461
3/26/20,ITA,19,Sicilia,38.11570,13.36236,346,68,414,681,1095,159,170,36,33,1164,9658
3/26/20,ITA,9,Toscana,43.76923,11.25589,1037,259,1296,1677,2973,197,254,95,158,3226,20952
3/26/20,ITA,10,Umbria,43.10676,12.38825,144,46,190,580,770,84,92,12,20,802,5428
3/26/20,ITA,2,Valle d'Aosta,45.73750,7.32015,73,24,97,281,378,3,7,2,28,408,1203
3/26/20,ITA,5,Veneto,45.43490,12.33845,1447,326,1773,4367,6140,395,493,508,287,6935,79759
3/26/20,ITA,4,Trentino Alto Adige,46.28413,11.23893,523,109,632,1253,1885,79,123,184,134,2203,12344
3/27/20,ITA,13,Abruzzo,42.35122,13.39844,289,71,360,565,925,65,71,24,68,1017,6109
3/27/20,ITA,17,Basilicata,40.63947,15.80515,22,15,37,110,147,14,17,1,3,151,1254
3/27/20,ITA,18,Calabria,38.90598,16.59440,103,22,125,344,469,97,101,7,18,494,6901
3/27/20,ITA,15,Campania,40.83957,14.25085,456,113,569,723,1292,123,144,64,98,1454,9613
3/27/20,ITA,8,Emilia-Romagna,44.49437,11.34172,3461,308,3769,5592,9361,511,772,960,1267,11588,47798
3/27/20,ITA,6,Friuli Venezia Giulia,45.64944,13.76814,222,57,279,748,1027,73,94,214,76,1317,11841
3/27/20,ITA,12,Lazio,41.89277,12.48367,992,126,1118,895,2013,178,199,164,118,2295,24106
3/27/20,ITA,7,Liguria,44.41149,8.93270,1023,157,1180,880,2060,33,129,305,331,2696,7804
3/27/20,ITA,3,Lombardia,45.46679,9.19035,11137,1292,12429,11466,23895,1706,2409,8001,5402,37298,95860
3/27/20,ITA,11,Marche,43.61676,13.51888,979,162,1141,1709,2850,55,82,10,336,3196,9060
3/27/20,ITA,14,Molise,41.55775,14.65916,26,9,35,51,86,5,6,14,9,109,710
3/27/20,ITA,1,Piemonte,45.07327,7.68069,2852,431,3283,3064,6347,397,558,176,569,7092,19705
3/27/20,ITA,16,Puglia,41.12560,16.86737,530,82,612,624,1236,141,152,29,69,1334,10233
3/27/20,ITA,20,Sardegna,39.21531,9.11062,93,19,112,384,496,34,36,13,21,530,3801
3/27/20,ITA,19,Sicilia,38.11570,13.36236,425,75,500,658,1158,63,86,53,39,1250,11079
3/27/20,ITA,9,Toscana,43.76923,11.25589,1053,274,1327,1843,3170,197,224,103,177,3450,23746
3/27/20,ITA,10,Umbria,43.10676,12.38825,149,46,195,629,824,54,82,39,21,884,6137
3/27/20,ITA,2,Valle d'Aosta,45.73750,7.32015,91,24,115,298,413,35,44,2,37,452,1252
3/27/20,ITA,5,Veneto,45.43490,12.33845,1536,338,1874,4774,6648,508,562,536,313,7497,83627
3/27/20,ITA,4,Trentino Alto Adige,46.28413,11.23893,590,111,701,1296,1997,112,191,235,162,2394,13443
3/28/20,ITA,13,Abruzzo,42.35122,13.39844,311,70,381,646,1027,102,116,30,76,1133,7003
3/28/20,ITA,17,Basilicata,40.63947,15.80515,26,19,45,133,178,31,31,1,3,182,1421
3/28/20,ITA,18,Calabria,38.90598,16.59440,107,22,129,394,523,54,61,11,21,555,7760
3/28/20,ITA,15,Campania,40.83957,14.25085,463,132,595,812,1407,115,138,76,109,1592,10616
3/28/20,ITA,8,Emilia-Romagna,44.49437,11.34172,3695,316,4011,5953,9964,603,795,1075,1344,12383,52991
3/28/20,ITA,6,Friuli Venezia Giulia,45.64944,13.76814,223,59,282,838,1120,93,119,229,87,1436,12723
3/28/20,ITA,12,Lazio,41.89277,12.48367,985,133,1118,1063,2181,168,210,200,124,2505,27179
3/28/20,ITA,7,Liguria,44.41149,8.93270,1031,167,1198,888,2086,26,126,378,358,2822,8177
3/28/20,ITA,3,Lombardia,45.46679,9.19035,11152,1319,12471,12038,24509,614,2117,8962,5944,39415,102503
3/28/20,ITA,11,Marche,43.61676,13.51888,987,166,1153,1846,2999,149,177,10,364,3373,9884
3/28/20,ITA,14,Molise,41.55775,14.65916,26,9,35,63,98,12,14,16,9,123,807
3/28/20,ITA,1,Piemonte,45.07327,7.68069,3094,439,3533,3318,6851,504,579,203,617,7671,21511
3/28/20,ITA,16,Puglia,41.12560,16.86737,563,98,661,697,1358,122,124,29,71,1458,11500
3/28/20,ITA,20,Sardegna,39.21531,9.11062,95,22,117,452,569,73,94,29,26,624,4225
3/28/20,ITA,19,Sicilia,38.11570,13.36236,441,71,512,730,1242,84,109,60,57,1359,13096
3/28/20,ITA,9,Toscana,43.76923,11.25589,1093,277,1370,2141,3511,341,367,108,198,3817,25613
3/28/20,ITA,10,Umbria,43.10676,12.38825,159,44,203,695,898,74,85,43,28,969,7028
3/28/20,ITA,2,Valle d'Aosta,45.73750,7.32015,90,26,116,352,468,55,59,2,41,511,1380
3/28/20,ITA,5,Veneto,45.43490,12.33845,1559,344,1903,5010,6913,265,433,655,362,7930,89380
3/28/20,ITA,4,Trentino Alto Adige,46.28413,11.23893,576,123,699,1464,2163,166,220,267,184,2614,14729
3/29/20,ITA,13,Abruzzo,42.35122,13.39844,329,68,397,772,1169,142,160,36,88,1293,7730
3/29/20,ITA,17,Basilicata,40.63947,15.80515,32,18,50,147,197,19,20,1,4,202,1585
3/29/20,ITA,18,Calabria,38.90598,16.59440,124,19,143,434,577,54,59,12,25,614,8485
3/29/20,ITA,15,Campania,40.83957,14.25085,476,135,611,945,1556,149,167,86,117,1759,11805
3/29/20,ITA,8,Emilia-Romagna,44.49437,11.34172,3769,333,4102,6433,10535,571,736,1141,1443,13119,52991
3/29/20,ITA,6,Friuli Venezia Giulia,45.64944,13.76814,236,60,296,845,1141,21,44,241,98,1480,13397
3/29/20,ITA,12,Lazio,41.89277,12.48367,1062,133,1195,1167,2362,181,201,208,136,2706,27744
3/29/20,ITA,7,Liguria,44.41149,8.93270,1077,166,1243,1036,2279,193,254,420,377,3076,9100
3/29/20,ITA,3,Lombardia,45.46679,9.19035,11613,1328,12941,12451,25392,883,1592,9255,6360,41007,107398
3/29/20,ITA,11,Marche,43.61676,13.51888,1000,168,1168,1992,3160,161,185,12,386,3558,10431
3/29/20,ITA,14,Molise,41.55775,14.65916,25,9,34,66,100,2,4,18,9,127,918
3/29/20,ITA,1,Piemonte,45.07327,7.68069,2985,443,3428,3840,7268,417,535,254,684,8206,24058
3/29/20,ITA,16,Puglia,41.12560,16.86737,559,99,658,774,1432,74,91,31,86,1549,12361
3/29/20,ITA,20,Sardegna,39.21531,9.11062,105,23,128,454,582,13,14,29,27,638,4598
3/29/20,ITA,19,Sicilia,38.11570,13.36236,451,71,522,808,1330,88,101,65,65,1460,13814
3/29/20,ITA,9,Toscana,43.76923,11.25589,1111,275,1386,2400,3786,275,305,121,215,4122,27579
3/29/20,ITA,10,Umbria,43.10676,12.38825,166,46,212,685,897,-1,54,95,31,1023,7685
3/29/20,ITA,2,Valle d'Aosta,45.73750,7.32015,90,26,116,423,539,71,73,2,43,584,1480
3/29/20,ITA,5,Veneto,45.43490,12.33845,1586,355,1941,5310,7251,338,428,715,392,8358,94784
3/29/20,ITA,4,Trentino Alto Adige,46.28413,11.23893,590,131,721,1606,2327,164,194,288,193,2808,16087
3/30/20,ITA,13,Abruzzo,42.35122,13.39844,322,69,391,778,1169,0,52,74,102,1345,7948
3/30/20,ITA,17,Basilicata,40.63947,15.80515,36,18,54,154,208,11,12,1,5,214,1833
3/30/20,ITA,18,Calabria,38.90598,16.59440,130,18,148,454,602,25,33,14,31,647,9013
3/30/20,ITA,15,Campania,40.83957,14.25085,468,126,594,1145,1739,183,193,88,125,1952,12969
3/30/20,ITA,8,Emilia-Romagna,44.49437,11.34172,3779,351,4130,6636,10766,231,412,1227,1538,13531,50990
3/30/20,ITA,6,Friuli Venezia Giulia,45.64944,13.76814,229,60,289,820,1109,-32,21,285,107,1501,14003
3/30/20,ITA,12,Lazio,41.89277,12.48367,1079,154,1233,1264,2497,135,208,267,150,2914,32846
3/30/20,ITA,7,Liguria,44.41149,8.93270,1142,175,1317,1066,2383,104,141,437,397,3217,9677
3/30/20,ITA,3,Lombardia,45.46679,9.19035,11815,1330,13145,11861,25006,-386,1154,10337,6818,42161,111057
3/30/20,ITA,11,Marche,43.61676,13.51888,998,167,1165,2086,3251,91,126,16,417,3684,10979
3/30/20,ITA,14,Molise,41.55775,14.65916,27,8,35,72,107,7,7,18,9,134,955
3/30/20,ITA,1,Piemonte,45.07327,7.68069,2985,452,3437,4218,7655,387,506,308,749,8712,25478
3/30/20,ITA,16,Puglia,41.12560,16.86737,590,106,696,889,1585,153,163,36,91,1712,13117
3/30/20,ITA,20,Sardegna,39.21531,9.11062,113,24,137,485,622,40,44,32,28,682,4993
3/30/20,ITA,19,Sicilia,38.11570,13.36236,484,75,559,849,1408,78,95,71,76,1555,14758
3/30/20,ITA,9,Toscana,43.76923,11.25589,1116,279,1395,2655,4050,264,290,131,231,4412,30099
3/30/20,ITA,10,Umbria,43.10676,12.38825,173,47,220,614,834,-63,28,184,33,1051,8150
3/30/20,ITA,2,Valle d'Aosta,45.73750,7.32015,92,26,118,400,518,-21,0,16,50,584,1536
3/30/20,ITA,5,Veneto,45.43490,12.33845,1633,356,1989,5575,7564,313,366,747,413,8724,99941
3/30/20,ITA,4,Trentino Alto Adige,46.28413,11.23893,584,140,724,1731,2455,128,199,331,221,3007,17017
3/31/20,ITA,13,Abruzzo,42.35122,13.39844,335,73,408,783,1191,22,56,95,115,1401,8758
3/31/20,ITA,17,Basilicata,40.63947,15.80515,37,17,54,162,216,8,12,3,7,226,2043
3/31/20,ITA,18,Calabria,38.90598,16.59440,132,17,149,457,606,4,12,17,36,659,9327
3/31/20,ITA,15,Campania,40.83957,14.25085,501,133,634,1237,1871,132,140,88,133,2092,14403
3/31/20,ITA,8,Emilia-Romagna,44.49437,11.34172,3765,353,4118,6835,10953,187,543,1477,1644,14074,54532
3/31/20,ITA,6,Friuli Venezia Giulia,45.64944,13.76814,215,60,275,885,1160,51,92,320,113,1593,14899
3/31/20,ITA,12,Lazio,41.89277,12.48367,1127,173,1300,1342,2642,145,181,291,162,3095,34677
3/31/20,ITA,7,Liguria,44.41149,8.93270,1153,179,1332,1176,2508,125,199,480,428,3416,10376
3/31/20,ITA,3,Lombardia,45.46679,9.19035,11883,1324,13207,11917,25124,118,1047,10885,7199,43208,114640
3/31/20,ITA,11,Marche,43.61676,13.51888,946,169,1115,2237,3352,101,141,21,452,3825,11724
3/31/20,ITA,14,Molise,41.55775,14.65916,29,8,37,80,117,10,10,18,9,144,1049
3/31/20,ITA,1,Piemonte,45.07327,7.68069,3174,452,3626,4456,8082,427,589,365,854,9301,27658
3/31/20,ITA,16,Puglia,41.12560,16.86737,609,105,714,940,1654,69,91,39,110,1803,14073
3/31/20,ITA,20,Sardegna,39.21531,9.11062,113,28,141,516,657,35,40,34,31,722,5257
3/31/20,ITA,19,Sicilia,38.11570,13.36236,503,72,575,917,1492,84,92,74,81,1647,15634
3/31/20,ITA,9,Toscana,43.76923,11.25589,1120,293,1413,2813,4226,176,196,138,244,4608,33165
3/31/20,ITA,10,Umbria,43.10676,12.38825,176,43,219,632,851,17,27,190,37,1078,8685
3/31/20,ITA,2,Valle d'Aosta,45.73750,7.32015,91,26,117,435,552,34,44,20,56,628,1582
3/31/20,ITA,5,Veneto,45.43490,12.33845,1680,356,2036,5814,7850,286,431,828,477,9155,106238
3/31/20,ITA,4,Trentino Alto Adige,46.28413,11.23893,603,142,745,1786,2531,76,110,346,240,3117,18248
4/1/20,ITA,13,Abruzzo,42.35122,13.39844,342,71,413,798,1211,20,35,102,123,1436,9610
4/1/20,ITA,17,Basilicata,40.63947,15.80515,39,15,54,171,225,9,11,3,9,237,2262
4/1/20,ITA,18,Calabria,38.90598,16.59440,144,16,160,450,610,4,10,21,38,669,9983
4/1/20,ITA,15,Campania,40.83957,14.25085,478,129,607,1369,1976,105,139,107,148,2231,15728
4/1/20,ITA,8,Emilia-Romagna,44.49437,11.34172,3898,359,4257,7232,11489,536,713,1566,1732,14787,58457
4/1/20,ITA,6,Friuli Venezia Giulia,45.64944,13.76814,206,60,266,940,1206,46,92,357,122,1685,15987
4/1/20,ITA,12,Lazio,41.89277,12.48367,1131,177,1308,1450,2758,116,169,337,169,3264,35810
4/1/20,ITA,7,Liguria,44.41149,8.93270,1114,179,1293,1352,2645,137,244,555,460,3660,11334
4/1/20,ITA,3,Lombardia,45.46679,9.19035,11927,1342,13269,12496,25765,641,1565,11415,7593,44773,121449
4/1/20,ITA,11,Marche,43.61676,13.51888,984,168,1152,2304,3456,104,137,29,477,3962,12296
4/1/20,ITA,14,Molise,41.55775,14.65916,32,8,40,91,131,14,16,19,10,160,1157
4/1/20,ITA,1,Piemonte,45.07327,7.68069,3146,453,3599,4871,8470,388,494,439,886,9795,30060
4/1/20,ITA,16,Puglia,41.12560,16.86737,637,107,744,1012,1756,102,143,61,129,1946,15209
4/1/20,ITA,20,Sardegna,39.21531,9.11062,119,27,146,529,675,18,23,36,34,745,5501
4/1/20,ITA,19,Sicilia,38.11570,13.36236,496,72,568,976,1544,52,71,86,88,1718,16836
4/1/20,ITA,9,Toscana,43.76923,11.25589,1120,297,1417,3015,4432,206,259,182,253,4867,36575
4/1/20,ITA,10,Umbria,43.10676,12.38825,173,45,218,646,864,13,17,194,37,1095,9080
4/1/20,ITA,2,Valle d'Aosta,45.73750,7.32015,85,27,112,428,540,-12,3,32,59,631,1717
4/1/20,ITA,5,Veneto,45.43490,12.33845,1718,350,2068,6156,8224,374,470,902,499,9625,112746
4/1/20,ITA,4,Trentino Alto Adige,46.28413,11.23893,614,133,747,1848,2595,64,171,404,289,3288,19626
4/2/20,ITA,13,Abruzzo,42.35122,13.39844,341,75,416,835,1251,40,61,113,133,1497,10647
4/2/20,ITA,17,Basilicata,40.63947,15.80515,38,19,57,176,233,8,9,3,10,246,2427
4/2/20,ITA,18,Calabria,38.90598,16.59440,163,19,182,445,627,17,22,23,41,691,10679
4/2/20,ITA,15,Campania,40.83957,14.25085,503,120,623,1517,2140,164,225,149,167,2456,17404
4/2/20,ITA,8,Emilia-Romagna,44.49437,11.34172,3944,366,4310,7549,11859,370,546,1663,1811,15333,60507
4/2/20,ITA,6,Friuli Venezia Giulia,45.64944,13.76814,199,60,259,1035,1294,88,114,376,129,1799,17121
4/2/20,ITA,12,Lazio,41.89277,12.48367,1169,181,1350,1529,2879,121,169,369,185,3433,41575
4/2/20,ITA,7,Liguria,44.41149,8.93270,1120,172,1292,1368,2660,15,122,634,488,3782,12069
4/2/20,ITA,3,Lombardia,45.46679,9.19035,11762,1351,13113,12763,25876,111,1292,12229,7960,46065,128286
4/2/20,ITA,11,Marche,43.61676,13.51888,986,164,1150,2405,3555,99,136,40,503,4098,12943
4/2/20,ITA,14,Molise,41.55775,14.65916,30,8,38,95,133,2,5,21,11,165,1229
4/2/20,ITA,1,Piemonte,45.07327,7.68069,3341,453,3794,5005,8799,329,558,571,983,10353,32100
4/2/20,ITA,16,Puglia,41.12560,16.86737,645,118,763,1101,1864,108,131,69,144,2077,16554
4/2/20,ITA,20,Sardegna,39.21531,9.11062,117,24,141,577,718,43,49,36,40,794,5970
4/2/20,ITA,19,Sicilia,38.11570,13.36236,503,73,576,1030,1606,62,73,92,93,1791,17833
4/2/20,ITA,9,Toscana,43.76923,11.25589,1135,295,1430,3359,4789,357,406,216,268,5273,40724
4/2/20,ITA,10,Umbria,43.10676,12.38825,171,47,218,667,885,21,33,205,38,1128,9737
4/2/20,ITA,2,Valle d'Aosta,45.73750,7.32015,85,25,110,446,556,16,37,49,63,668,1934
4/2/20,ITA,5,Veneto,45.43490,12.33845,1670,345,2015,6563,8578,354,486,1001,532,10111,120320
4/2/20,ITA,4,Trentino Alto Adige,46.28413,11.23893,618,138,756,1991,2747,152,194,419,316,3482,21173
